name,email,pref,gender,orientation,q1,q2,q3
Tyler,bhrn479,R,M,B,3.949073653,4.967411892,2.08563312
Olive Horne,bhrn544,R,M,B,4.826425514,6.313016694,0.398722537
Kasey Gross,bhrn549,R,M,B,1.09492444,0.16938933,3.255576962
Corey Wu,bhrn557,R,M,B,0.729623968,5.211679663,3.162964835
