name,email,gender,orientation,q1,q2,q3
Keven,kyz6@georgetown.edu,M,S,0.696923186,4.393383615,9.678560905
Lucas,lll50@georgetown.edu,M,S,7.886251061,4.327571392,8.890486827
Sarah,set71@georgetown.edu,F,G,4.664722464,8.566970117,7.258930191
Ed,js4759@georgetown.edu,M,G,8.46499994,5.37352976,6.826467723
Lauren,lr50,F,G,1.493817151,3.318649082,7.676826532
Evan,yt2,F,S,1.382660654,8.866874158,7.969699588
Taylor,ui568,F,S,3.5662538,1.661623034,8.417420374
Jack,bhrn473,M,G,0.353419047,4.439359472,0.196361027
