name,email,q1,q2,q3
Keven,kyz6@georgetown.edu,7.614220445,8.793807722,1.465045029
Lucas,lll50@georgetown.edu,0.063208761,9.830619617,3.284979776
Sarah,set71@georgetown.edu,3.450833572,2.542275095,1.808561864
Ed,js4759@georgetown.edu,8.085095841,5.315094438,5.852394783
Lauren,lr50,8.945524005,6.141307532,7.741213097
Evan,yt2,4.711189417,5.331606816,1.15108665
Taylor,ui568,2.043349771,7.211465135,6.98061975
Jack,bhrn473,3.808479751,7.395245001,7.638710735
